{
  "chunks": [
    {
      "id": "INTRO_01_Definicja_prokrastynacji",
      "title": "Czym naprawdę jest prokrastynacja",
      "category": "Wprowadzenie",
      "subcategory": "Podstawy",
      "tags": [
        "prokrastynacja",
        "definicja",
        "podstawy",
        "wprowadzenie"
      ],
      "difficulty_level": "basic",
      "estimated_time": 5,
      "trigger_words": [
        "co to prokrastynacja",
        "dlaczego odkładam",
        "nie mogę się zmobilizować",
        "ciągle odkładam",
        "brak motywacji",
        "lenistwo"
      ],
      "anti_trigger_words": [
        "wiem czym jest prokrastynacja",
        "rozumiem problem"
      ],
      "user_personas": [
        "universal"
      ],
      "prerequisites": [],
      "related_chunks": [
        "INTRO_02_Prawdziwa_przyczyna",
        "INTRO_03_Mechanizm_obronny"
      ],
      "content": "Prokrastynacja to nie lenistwo - to coś zupełnie innego. Większość ludzi źle rozumie czym jest prokrastynacja. Prawdziwe zrozumienie = pierwszy krok do rozwiązania.\n\nProkrastynacja to odkładanie ważnych zadań, mimo świadomości konsekwencji, często zastępowane natychmiastową przyjemnością (np. przeglądaniem mediów społecznościowych).\n\nPrzykłady:\n📱 Scrolling social media zamiast nauki do egzaminu\n🎮 Granie w gry zamiast pisania CV\n🛋️ Oglądanie seriali zamiast sprzątania\n📺 YouTube zamiast ważnego projektu\n\nĆwiczenie: Pomyśl o jednej rzeczy którą odkładasz (1 minuta). Zastanów się czym ją zastępujesz (30 sekund). Napisz: 'Odkładam [X] i robię zamiast tego [Y]' (30 sekund).",
      "priority": 10,
      "lastUpdated": "2024-01-15T10:00:00Z"
    },
    {
      "id": "INTRO_02_Prawdziwa_przyczyna",
      "title": "Prawdziwa przyczyna prokrastynacji - brak sensu",
      "category": "Wprowadzenie",
      "subcategory": "Psychologia",
      "tags": [
        "sens",
        "motywacja",
        "mózg",
        "psychologia",
        "przyczyna"
      ],
      "difficulty_level": "basic",
      "estimated_time": 7,
      "trigger_words": [
        "po co to robić",
        "nie ma sensu",
        "nie widzę celu",
        "brak motywacji",
        "dlaczego mam to robić",
        "nie chce mi się",
        "bez sensu"
      ],
      "anti_trigger_words": [
        "wiem po co to robię",
        "mam jasny cel"
      ],
      "user_personas": [
        "universal"
      ],
      "prerequisites": [
        "INTRO_01_Definicja_prokrastynacji"
      ],
      "related_chunks": [
        "FUNDAMENT_01_Twoja_supermoc",
        "FUEL_01_Misja_zyciowa"
      ],
      "content": "Twój mózg jest mega sprytny - jeśli nie widzi sensu, to odpuszcza. Rzadko jest to lenistwo; częściej brakuje głębszego sensu działania. Znalezienie DLACZEGO = koniec z walką z prokrastynacją.\n\nTwój mózg jest mega sprytny. Jeśli nie widzi, po co ma się wysilać, to po prostu odpuszcza i szuka czegoś, co sprawi mu natychmiastową przyjemność. To nie lenistwo - to racjonalna kalkulacja energii.\n\nPrzykłady:\n🎯 'Uczę się bo chcę zostać lekarzem' vs 'Uczę się bo muszę'\n💼 'Piszę CV bo chcę zmienić życie' vs 'Piszę CV bo kazali'\n🏃 'Biegam bo chcę być zdrowy' vs 'Biegam bo powinienem'\n📚 'Czytam bo to mnie rozwija' vs 'Czytam bo trzeba'\n\nĆwiczenie: Wybierz jedno zadanie które odkładasz (1 minuta). Zapytaj się 5 razy 'Dlaczego to jest ważne?' (3 minuty). Zapisz najgłębszą odpowiedź (1 minuta). Oceń: czy ta odpowiedź daje ci energię? (1 minuta)",
      "priority": 10,
      "lastUpdated": "2024-01-15T10:00:00Z"
    },
    {
      "id": "INTRO_03_Mechanizm_obronny",
      "title": "Prokrastynacja jako mechanizm obronny mózgu",
      "category": "Wprowadzenie",
      "subcategory": "Neurobiologia",
      "tags": [
        "mechanizm_obronny",
        "mózg",
        "ciało_migdałowate",
        "strach",
        "ochrona"
      ],
      "difficulty_level": "intermediate",
      "estimated_time": 8,
      "trigger_words": [
        "boję się zacząć",
        "strach przed porażką",
        "unikam trudnych zadań",
        "paraliż decyzyjny",
        "blokada",
        "lęk przed oceną"
      ],
      "anti_trigger_words": [
        "nie boję się wyzwań",
        "łatwo zaczynam"
      ],
      "user_personas": [
        "marzyciel",
        "perfekcjonista"
      ],
      "prerequisites": [
        "INTRO_02_Prawdziwa_przyczyna"
      ],
      "related_chunks": [
        "TYPY_02_Unikajacy_marzyciel",
        "TYPY_03_Paralizujacy_perfekcjonista"
      ],
      "content": "Prokrastynacja to genialna, choć autodestrukcyjna strategia ochronna Twojego mózgu. Mózg interpretuje trudne zadania jako zagrożenie i włącza system alarmowy. Zrozumienie mechanizmu = możliwość współpracy z mózgiem zamiast walki.\n\nWyobraź sobie, że masz zrobić coś trudnego, nudnego, albo coś, co wiąże się z jakimś ryzykiem (np. oceną, krytyką, wysiłkiem). Dla Twojego mózgu to może być potencjalne zagrożenie. Włącza się wtedy Twój wewnętrzny system alarmowy, czyli ciało migdałowate.\n\nPrzykłady:\n🎭 Prezentacja → 'Co jeśli się ośmieszę?' → Unikanie\n📝 Pisanie → 'Co jeśli będzie źle?' → Prokrastynacja\n📞 Trudna rozmowa → 'Co jeśli się pokłócę?' → Odkładanie\n🎯 Nowy projekt → 'Co jeśli nie dam rady?' → Paraliż\n\nĆwiczenie: Pomyśl o zadaniu które odkładasz (1 minuta). Zapytaj: 'Przed czym mnie to chroni?' (2 minuty). Napisz 3 najgorsze scenariusze (2 minuty). Oceń prawdopodobieństwo każdego (1-10) (2 minuty). Znajdź jeden mały, bezpieczny krok (1 minuta).",
      "priority": 9,
      "lastUpdated": "2024-01-15T10:00:00Z"
    },
    {
      "id": "FUNDAMENT_01_Twoja_supermoc",
      "title": "FOUNDATION - Twoja Supermoc (główna wartość)",
      "category": "Fundament",
      "subcategory": "Wartości i tożsamość",
      "tags": [
        "system_3F",
        "fundament",
        "wartości",
        "tożsamość",
        "supermoc"
      ],
      "difficulty_level": "basic",
      "estimated_time": 10,
      "trigger_words": [
        "nie wiem czego chcę",
        "brak kierunku",
        "nie znam siebie",
        "po co to robię",
        "brak sensu",
        "nie wiem kim jestem"
      ],
      "anti_trigger_words": [
        "wiem co jest dla mnie ważne",
        "znam swoje wartości"
      ],
      "user_personas": [
        "universal"
      ],
      "prerequisites": [
        "INTRO_02_Prawdziwa_przyczyna"
      ],
      "related_chunks": [
        "FUEL_01_Misja_zyciowa",
        "FOKUS_01_Male_kroki"
      ],
      "content": "Ludzie którzy znają swoją główną wartość osiągają cele 40% częściej. Bez jasnego fundamentu każde działanie wydaje się bez sensu. Jedna główna wartość = kompas życiowy = koniec z chaosem.\n\nTwoja FOUNDATION to główna wartość, która jest dla Ciebie najważniejsza i nadaje sens działaniu. Nie 10 wartości - JEDNA. To Twoja supermoc, która daje energię do działania.\n\nPrzykłady:\n🕊️ WOLNOŚĆ: 'Chcę żyć na swoich zasadach'\n🎨 TWORZENIE: 'Chcę zostawiać ślad swojej kreatywności'\n🤝 POMAGANIE: 'Chcę żeby inni mieli lepiej'\n🚀 PRZYGODA: 'Chcę poznawać nowe rzeczy'\n👨‍👩‍👧‍👦 RODZINA: 'Chcę być dla bliskich'\n⚖️ SPRAWIEDLIWOŚĆ: 'Chcę żeby świat był fair'\n🌸 PIĘKNO: 'Chcę otaczać się pięknem'\n📈 ROZWÓJ: 'Chcę być lepszy niż wczoraj'\n\nĆwiczenie: Przeczytaj listę wartości i wybierz 3 które cię 'kręcą' (3 minuty). Z tych 3 wybierz 1 najważniejszą (2 minuty). Przetestuj: czy przy tej myśli czujesz energię? (2 minuty). Napisz: 'Moja FOUNDATION to: [wartość]' (1 minuta). Sprawdź w różnych sytuacjach życiowych (2 minuty).",
      "priority": 10,
      "lastUpdated": "2024-01-15T10:00:00Z"
    },
    {
      "id": "FUEL_01_Misja_zyciowa",
      "title": "FUEL - Twoja Rakieta (Misja Życiowa)",
      "category": "Fuel",
      "subcategory": "Cele i misja",
      "tags": [
        "system_3F",
        "fuel",
        "misja",
        "cele",
        "plan"
      ],
      "difficulty_level": "basic",
      "estimated_time": 12,
      "trigger_words": [
        "nie wiem dokąd zmierzam",
        "brak planu",
        "co dalej",
        "jaki cel",
        "nie mam marzeń",
        "brak kierunku w życiu"
      ],
      "anti_trigger_words": [
        "mam jasny plan",
        "wiem czego chcę"
      ],
      "user_personas": [
        "universal"
      ],
      "prerequisites": [
        "FUNDAMENT_01_Twoja_supermoc"
      ],
      "related_chunks": [
        "FOKUS_01_Male_kroki",
        "STRATEGIE_05_Cele_procesu"
      ],
      "content": "FUEL to rakieta która wyniesie cię tam gdzie chcesz być. Bez jasnego celu każde działanie to strzał w ciemno. Misja życiowa = połączenie wartości z konkretnym obszarem.\n\nFUEL to większy plan, który odpowiada na pytanie 'Jak chcę żyć zgodnie z tym, co dla mnie ważne?' w konkretnej dziedzinie życia. Formuła: Połącz swoją FOUNDATION z konkretnym obszarem życia (np. nauka, kariera, relacje).\n\nPrzykłady:\n🕊️ WOLNOŚĆ + kariera = 'Tworzę biznes który da mi niezależność'\n🎨 TWORZENIE + edukacja = 'Uczę się designu żeby tworzyć piękne rzeczy'\n🤝 POMAGANIE + zawód = 'Staję się psychologiem żeby wspierać ludzi'\n📈 ROZWÓJ + fitness = 'Buduję zdrowe ciało i umysł'\n\nĆwiczenie: Napisz swoją FOUNDATION (1 minuta). Wybierz obszar życia (kariera/relacje/zdrowie/hobby) (1 minuta). Połącz: 'Jestem osobą która [FOUNDATION] przez [obszar]' (3 minuty). Przepisz w teraźniejszość, nie przyszłość (2 minuty). Test energii: czy to daje ci siłę? (2 minuty). Zapisz finalną wersję misji (3 minuty).",
      "priority": 9,
      "lastUpdated": "2024-01-15T10:00:00Z"
    },
    {
      "id": "FOKUS_01_Male_kroki",
      "title": "FOCUS - Twoje Działania (Małe Kroki)",
      "category": "Fokus",
      "subcategory": "Nawyki i działania",
      "tags": [
        "system_3F",
        "fokus",
        "małe_kroki",
        "nawyki",
        "5_zwycięstw"
      ],
      "difficulty_level": "basic",
      "estimated_time": 15,
      "trigger_words": [
        "nie wiem jak zacząć",
        "za duże zadania",
        "przytłaczające",
        "jak to robić",
        "małe kroki",
        "codzienne działania"
      ],
      "anti_trigger_words": [
        "wiem jak działać",
        "mam system"
      ],
      "user_personas": [
        "universal"
      ],
      "prerequisites": [
        "FUEL_01_Misja_zyciowa"
      ],
      "related_chunks": [
        "STRATEGIE_01_Dziury_w_serze",
        "NARZEDZIA_01_Srodowisko"
      ],
      "content": "Małe, powtarzalne działania = wielkie rezultaty w czasie. Duże cele paraliżują, brak systemu codziennych działań. FOCUS = małe kroki + nawyki + 5 Zwycięstw Dziennie.\n\nFOCUS to małe, powtarzalne działania i nawyki, które prowadzą do realizacji misji. Zasady: Służy misji, możliwy do wykonania regularnie, mierzalny. Malutkie Nawyki: Rozpocznij od zadań tak małych, że aż śmiesznych, aby ominąć 'radar ochronny' mózgu.\n\nPrzykłady:\n🎯 Misja: Zostać programistą → Fokus: 15 min kodowania dziennie\n🎨 Misja: Zostać artystą → Fokus: Jeden szkic dziennie\n💪 Misja: Być zdrowym → Fokus: 10 pompek rano\n📚 Misja: Rozwój osobisty → Fokus: 5 stron książki przed snem\n\nĆwiczenie: Napisz swoją misję (FUEL) (1 minuta). Wymyśl 1 małe działanie które służy tej misji (3 minuty). Zmniejsz to działanie o 50% (2 minuty). Sprawdź: czy możesz to robić 7 dni z rzędu? (2 minuty). Połącz z istniejącym nawykiem: 'Po [X] → zrobię [małe działanie]' (3 minuty). Zaplanuj pierwsze 5 Zwycięstw na jutro (4 minuty).",
      "priority": 8,
      "lastUpdated": "2024-01-15T10:00:00Z"
    },
    {
      "id": "TYPY_01_Impulsywny_buntownik",
      "title": "Typ A: Impulsywny Buntownik - autonomia ponad wszystko",
      "category": "Typy",
      "subcategory": "Buntownik",
      "tags": [
        "typy",
        "buntownik",
        "autonomia",
        "wolność",
        "impulsywność"
      ],
      "difficulty_level": "basic",
      "estimated_time": 8,
      "trigger_words": [
        "nie lubię gdy mi każą",
        "chcę mieć wybór",
        "nie znoszę obowiązków",
        "system zbyt sztywny",
        "czuję się ograniczany",
        "nikt mi nie będzie mówił"
      ],
      "anti_trigger_words": [
        "lubię jasne reguły",
        "potrzebuję struktury"
      ],
      "user_personas": [
        "buntownik"
      ],
      "prerequisites": [
        "INTRO_01_Definicja_prokrastynacji"
      ],
      "related_chunks": [
        "STRATEGIE_02_Menu_projektowe",
        "FOKUS_02_Elastyczna_struktura"
      ],
      "content": "Twoja rebellious nature to nie bug - to feature. Czujesz się więziony przez zasady, terminy i zewnętrzną kontrolę. Autonomia + wybór + elastyczność = produktywność bez buntu.\n\nDziała pod wpływem chwili, trudno mu oprzeć się rozrywkom, czuje się więziony przez zasady i terminy. Potrzeba: Autonomia i poczucie wyboru. Ochrona przed: Kontrolą z zewnątrz, przymusem, utratą wolności.\n\nPrzykłady:\n✅ 'Możesz wybrać które zadanie zrobić pierwsze'\n✅ 'Ustaw własne godziny pracy w ramach deadline'\n✅ 'Wybierz muzykę do pracy'\n❌ 'Musisz zrobić to dokładnie tak'\n❌ 'Harmonogram jest niepodważalny'\n❌ 'Nie ma dyskusji'\n\nĆwiczenie: Sprawdź czy pasujesz: czytając opis, czy myślisz 'o nie, to ja!'? (2 minuty). Pomyśl o sytuacji gdy ktoś ci kazał coś zrobić - jak się czułeś? (2 minuty). Wymyśl 3 sposoby jak dać sobie więcej wyboru w obecnych zadaniach (3 minuty). Zaplanuj jeden dzień z 'menu zadań' zamiast sztywnego planu (1 minuta).",
      "priority": 8,
      "lastUpdated": "2024-01-15T10:00:00Z"
    },
    {
      "id": "TYPY_02_Unikajacy_marzyciel",
      "title": "Typ B: Unikający Marzyciel - bezpieczeństwo i małe kroki",
      "category": "Typy",
      "subcategory": "Marzyciel",
      "tags": [
        "typy",
        "marzyciel",
        "bezpieczeństwo",
        "małe_kroki",
        "unikanie"
      ],
      "difficulty_level": "basic",
      "estimated_time": 8,
      "trigger_words": [
        "czekam na idealny moment",
        "boję się zacząć",
        "co jeśli się nie uda",
        "potrzebuję więcej informacji",
        "jeszcze nie jestem gotowy",
        "za dużo ryzyka"
      ],
      "anti_trigger_words": [
        "łatwo zaczynam nowe rzeczy",
        "nie boję się ryzyka"
      ],
      "user_personas": [
        "marzyciel"
      ],
      "prerequisites": [
        "INTRO_01_Definicja_prokrastynacji"
      ],
      "related_chunks": [
        "STRATEGIE_01_Dziury_w_serze",
        "STRATEGIE_03_Bezpieczne_eksperymenty"
      ],
      "content": "Twoja ostrożność to mądrość - tylko potrzebuje bezpiecznych kroków. Odkładasz zadania czekając na idealny moment i unikasz ryzyka porażki. Małe eksperymenty + stopniowe budowanie pewności = bezpieczny postęp.\n\nOdkłada zadania, czekając na 'idealny moment', gubi się w planowaniu, unika zadań, w których może się nie sprawdzić. Potrzeba: Bezpieczeństwo i stopniowe budowanie pewności siebie. Ochrona przed: Bólem porażki, krytyką, rozczarowaniem.\n\nPrzykłady:\n✅ 'To tylko eksperyment na tydzień'\n✅ 'Zacznij od 5 minut dziennie'\n✅ 'Możesz się wycofać w każdej chwili'\n❌ 'Zrób to od razu na 100%'\n❌ 'Nie ma czasu na testowanie'\n❌ 'Albo wszystko albo nic'\n\nĆwiczenie: Sprawdź dopasowanie: czy opis wywołuje 'tak, to ja!'? (2 minuty). Pomyśl o czymś co odkładasz bo 'nie jest idealny moment' (2 minuty). Wymyśl najmniejszy możliwy eksperyment z tym zadaniem (3 minuty). Zaplanuj ten eksperyment na dziś - max 10 minut (1 minuta).",
      "priority": 8,
      "lastUpdated": "2024-01-15T10:00:00Z"
    },
    {
      "id": "TYPY_03_Paralizujacy_perfekcjonista",
      "title": "Typ C: Paraliżujący Perfekcjonista - postęp ważniejszy od perfekcji",
      "category": "Typy",
      "subcategory": "Perfekcjonista",
      "tags": [
        "typy",
        "perfekcjonista",
        "perfekcjonizm",
        "paraliż",
        "standardy"
      ],
      "difficulty_level": "basic",
      "estimated_time": 8,
      "trigger_words": [
        "nie jest wystarczająco dobre",
        "musi być idealne",
        "wszystko albo nic",
        "boję się że będzie źle",
        "nie mogę tego pokazać",
        "jeszcze nie skończone"
      ],
      "anti_trigger_words": [
        "wystarczająco dobre jest ok",
        "postęp ważniejszy od perfekcji"
      ],
      "user_personas": [
        "perfekcjonista"
      ],
      "prerequisites": [
        "INTRO_01_Definicja_prokrastynacji"
      ],
      "related_chunks": [
        "STRATEGIE_02_Okropny_pierwszy_szkic",
        "STRATEGIE_04_Ograniczenia"
      ],
      "content": "Twoje wysokie standardy to dar - ale nie mogą cię paraliżować. Nie zaczynasz projektów z obawy przed niedoskonałością. Okropny pierwszy szkic + wystarczająco dobre + postęp > perfekcja.\n\nNie zaczyna projektów z obawy przed niedoskonałością, spędza dużo czasu na planowaniu, krytykuje siebie za każdy błąd. Potrzeba: Akceptacja dla niedoskonałości i redefinicja sukcesu. Ochrona przed: Krytyką, oceną, poczuciem 'niebycia wystarczająco dobrym'.\n\nPrzykłady:\n✅ 'Napisz najgorszą możliwą wersję'\n✅ '25 minut i STOP - niezależnie od stanu'\n✅ 'Wystarczająco dobre jest dobre'\n❌ 'Musi być perfekcyjne przed pokazaniem'\n❌ 'Poprawiaj dopóki nie będzie idealne'\n❌ 'Jak nie jest doskonałe, to nie rób wcale'\n\nĆwiczenie: Test identyfikacji: czy opis boli? 'O nie, to ja!'? (2 minuty). Pomyśl o projekcie który nie zaczynasz bo 'nie będzie doskonały' (2 minuty). Wymyśl najgorszą możliwą wersję tego projektu (3 minuty). Zaplanuj 15 minut na stworzenie tej okropnej wersji (1 minuta).",
      "priority": 8,
      "lastUpdated": "2024-01-15T10:00:00Z"
    },
    {
      "id": "STRATEGIE_01_Dziury_w_serze",
      "title": "Dziury w serze - dla dużych, przytłaczających projektów",
      "category": "Strategie",
      "subcategory": "Duże projekty",
      "tags": [
        "strategie",
        "boost",
        "duże_projekty",
        "dzielenie",
        "dziury_w_serze"
      ],
      "difficulty_level": "basic",
      "estimated_time": 10,
      "trigger_words": [
        "projekt przytłacza",
        "za duży",
        "nie wiem od czego zacząć",
        "wszystko na raz",
        "ogromne zadanie",
        "paraliżujące"
      ],
      "anti_trigger_words": [
        "mam jasny plan",
        "podzielone na etapy"
      ],
      "user_personas": [
        "marzyciel",
        "perfekcjonista"
      ],
      "prerequisites": [
        "INTRO_01_Definicja_prokrastynacji"
      ],
      "related_chunks": [
        "STRATEGIE_02_Menu_projektowe",
        "FOKUS_01_Male_kroki"
      ],
      "content": "Zamiast jeść ser w całości - rób dziury, potem je łącz. Duże projekty paraliżują bo nie wiadomo od czego zacząć. Zrób losowe 15-minutowe 'dziury' w projekcie, potem je połącz.\n\nDzielenie projektu na losowe, 15-minutowe fragmenty. Nie musisz robić po kolei - wybierasz fragmenty na które masz ochotę/energię. Jak ser - robisz dziury, potem łączysz w całość.\n\nPrzykłady:\n📝 Praca magisterska = dziury: bibliografia, jeden akapit, formatowanie, jeden wywiad\n🏠 Remont pokoju = dziury: research kolorów, jeden sklep, pomiar ściany, jedna próbka\n💼 Projekt biznesowy = dziury: logo, jeden competitor, strona 'o nas', cennik\n🎬 Film = dziury: jeden shot, muzyka, tytuł, jeden dialog\n\nĆwiczenie: Wybierz jeden duży projekt który odkładasz (1 minuta). Wypisz wszystkie części tego projektu (5 minut). Wybierz 5 najmniejszych części (2 minuty). Oznacz każdą czasem: 15min/30min/60min (1 minuta). Wybierz jedną 15-minutową 'dziurę' i zrób JUŻ TERAZ (1 minuta).",
      "priority": 9,
      "lastUpdated": "2024-01-15T10:00:00Z"
    },
    {
      "id": "CRISIS_01_Protokol_emocjonalny",
      "title": "Protokół emocjonalny - gdy wszystko się wali",
      "category": "Crisis",
      "subcategory": "Interwencje ratunkowe",
      "tags": [
        "kryzys",
        "emocje",
        "protokół",
        "ratunk"
      ],
      "difficulty_level": "basic",
      "estimated_time": 5,
      "trigger_words": [
        "wszystko idzie nie tak",
        "nie mogę się zmusić",
        "paraliż",
        "blokada",
        "chcę się poddać",
        "nie mam siły",
        "to nie ma sensu"
      ],
      "anti_trigger_words": [
        "wszystko super",
        "mam pełną kontrolę"
      ],
      "user_personas": [
        "universal"
      ],
      "prerequisites": [],
      "related_chunks": [
        "CRISIS_02_Emergency_protocol_poddanie",
        "MADROSC_01_Tysiac_mil_jeden_krok"
      ],
      "content": "Kryzys emocjonalny to nie porażka - to sygnał że potrzebujesz wsparcia, nie więcej presji. Gdy emocje przejmują kontrolę, logiczne systemy nie działają. Potrzebujesz protokołu ratunkowego, nie kolejnych rad. 5-minutowy protokół emocjonalny: STOP → BREATHE → GROUND → CHOOSE → ACT.\n\nPROTOKÓŁ EMOCJONALNY (5 kroków):\n\n1. STOP (30 sek)\n- Zatrzymaj się, nie rób NIC więcej\n- Powiedz: 'Jestem w kryzysie emocjonalnym i to normalne'\n\n2. BREATHE (1 min)\n- 4 sekundy wdech, 4 sekundy zatrzymanie, 4 sekundy wydech\n- Powtórz 4 razy\n\n3. GROUND (2 min)\n- 5 rzeczy które widzisz\n- 4 rzeczy których możesz dotknąć\n- 3 dźwięki które słyszysz\n- 2 zapachy\n- 1 smak\n\n4. CHOOSE (1 min)\n- Masz 3 opcje: działaj, odpocznij, poproś o pomoc\n- Wybierz BEZ osądzania\n\n5. ACT (30 sek)\n- Zrób jedną małą rzecz zgodną z wyborem\n- Nie planuj dalej, tylko TERAZ\n\nĆwiczenie: Wykonaj protokół emocjonalny TERAZ. STOP: Powiedz 'Jestem w trudnym momencie i to normalne' (30 sek). BREATHE: 4-4-4 oddychanie, 4 razy (1 min). GROUND: Wymień 5 rzeczy które widzisz, 4 które czujesz, 3 które słyszysz (2 min). CHOOSE: Działaj/Odpocznij/Poproś o pomoc - wybierz bez osądzania (1 min). ACT: Zrób jedną małą rzecz zgodną z wyborem (30 sek).",
      "priority": 10,
      "lastUpdated": "2024-01-15T10:00:00Z"
    },
    {
      "id": "MADROSC_01_Tysiac_mil_jeden_krok",
      "title": "千里之行，始于足下 - Podróż tysiąca li zaczyna się od jednego kroku",
      "category": "Chińska Mądrość",
      "subcategory": "Wielkie cele",
      "tags": [
        "chińska_mądrość",
        "pierwszy_krok",
        "wielkie_cele",
        "lao_tzu"
      ],
      "difficulty_level": "basic",
      "estimated_time": 4,
      "trigger_words": [
        "cel za duży",
        "nie wiem od czego zacząć",
        "przytłaczający projekt",
        "za dużo do zrobienia",
        "niemożliwe"
      ],
      "anti_trigger_words": [
        "łatwy cel",
        "wiem dokładnie jak to zrobić"
      ],
      "user_personas": [
        "universal"
      ],
      "prerequisites": [],
      "related_chunks": [
        "STRATEGIE_01_Dziury_w_serze",
        "FOKUS_01_Male_kroki"
      ],
      "content": "Najsłynniejsze chińskie przysłowie o celach - ale prawda jest głębsza niż myślisz. Wielkie cele paraliżują bo patrzysz na całą górę zamiast na następny krok. Chińska mądrość: skup się na JEDNYM kroku, nie na całej drodze.\n\nCHIŃSKA MĄDROŚĆ: '千里之行，始于足下' (Qiānlǐ zhī xíng, shǐ yú zú xià)\n\nTo nie znaczy tylko 'zrób pierwszy krok'. To znaczy:\n\n- Skup się na JEDNYM kroku, nie na całej drodze\n- Każdy krok ma taką samą wartość\n- Nie ma 'ważnych' i 'nieważnych' kroków\n- Droga tysiąca li to suma pojedynczych kroków\n\nPRAKTYCZNE ZASTOSOWANIE:\nTwój wielki cel wydaje się niemożliwy?\nNie myśl o całości. Pomyśl o dzisiejszym kroku.\n\nBŁĄD: 'Muszę napisać całą pracę magisterską'\nCHIŃSKA METODA: 'Napiszę jedno zdanie wprowadzenia'\n\nPrzykłady:\n❌ 'Muszę nauczyć się całego języka' → ✅ 'Nauczę się 5 słów dzisiaj'\n❌ 'Muszę schudnąć 20 kg' → ✅ 'Dziś zjem jedno jabłko zamiast ciastka'\n❌ 'Muszę przeczytać 50 książek' → ✅ 'Przeczytam dzisiaj 1 stronę'\n❌ 'Muszę zostać programistą' → ✅ 'Napiszę dzisiaj 'Hello World''\n\nĆwiczenie: Napisz swój wielki cel który cię przytłacza (1 minuta). Zapytaj: 'Jaki najmniejszy krok mogę zrobić DZIŚ?' (1 minuta). Zrób TYLKO ten jeden krok - bez myślenia o reszcie (flex time). Jutro zapytaj o następny jeden krok (1 minuta).",
      "priority": 8,
      "lastUpdated": "2024-01-15T10:00:00Z"
    }
  ],
  "categories": [
    "Wprowadzenie",
    "Fundament", 
    "Fuel",
    "Fokus",
    "Typy",
    "Strategie",
    "Crisis",
    "Chińska Mądrość"
  ],
  "tags": [
    "prokrastynacja", "definicja", "podstawy", "wprowadzenie",
    "sens", "motywacja", "mózg", "psychologia", "przyczyna",
    "mechanizm_obronny", "ciało_migdałowate", "strach", "ochrona",
    "system_3F", "fundament", "wartości", "tożsamość", "supermoc",
    "fuel", "misja", "cele", "plan",
    "fokus", "małe_kroki", "nawyki", "5_zwycięstw",
    "typy", "buntownik", "autonomia", "wolność", "impulsywność",
    "marzyciel", "bezpieczeństwo", "unikanie",
    "perfekcjonista", "perfekcjonizm", "paraliż", "standardy",
    "strategie", "boost", "duże_projekty", "dzielenie", "dziury_w_serze",
    "kryzys", "emocje", "protokół", "ratunk",
    "chińska_mądrość", "pierwszy_krok", "wielkie_cele", "lao_tzu"
  ],
  "lastUpdated": "2024-01-15T10:00:00Z"
}