{
  "relationships": [
    {
      "from": "FUNDAMENT_01_Glowna_wartosc",
      "to": "FUNDAMENT_02_Test_energii",
      "type": "prerequisite",
      "strength": 0.9,
      "description": "Test energii pomaga sprawdzić czy wybrana wartość jest autentyczna"
    },
    {
      "from": "FUNDAMENT_02_Test_energii", 
      "to": "FUEL_01_5_zwyciestwo_dziennie",
      "type": "next_step",
      "strength": 0.8,
      "description": "Po znalezieniu prawdziwego celu, potrzebny jest system do jego realizacji"
    },
    {
      "from": "FUEL_01_5_zwyciestwo_dziennie",
      "to": "FOKUS_01_System_3_rzeczy",
      "type": "alternative",
      "strength": 0.7,
      "description": "Oba systemy organizują dzień, ale System 3 Rzeczy jest prostszy"
    },
    {
      "from": "FUNDAMENT_04_Dziennik_prokrastynacji",
      "to": "TYPY_01_Identyfikacja_typow",
      "type": "leads_to",
      "strength": 0.8,
      "description": "Dziennik pomaga zidentyfikować wzorce, które wskazują na typ prokrastynatora"
    },
    {
      "from": "TYPY_01_Identyfikacja_typow",
      "to": "TYPY_02_System_dla_buntownika",
      "type": "conditional",
      "strength": 1.0,
      "description": "Jeśli użytkownik to Buntownik, potrzebuje dedykowanego systemu",
      "condition": "personality_type === 'buntownik'"
    },
    {
      "from": "CRISIS_01_Protokol_emocjonalny",
      "to": "MADROSC_01_Tysiac_mil_jeden_krok",
      "type": "recovery",
      "strength": 0.6,
      "description": "Po stabilizacji emocjonalnej, pomaga w powrocie do działania małymi krokami"
    },
    {
      "from": "FUNDAMENT_03_Chinska_madrosc_lustro",
      "to": "FUNDAMENT_01_Glowna_wartosc",
      "type": "supports",
      "strength": 0.7,
      "description": "Praktyka ciszy pomaga w lepszym poznaniu swoich wartości"
    }
  ],
  "categories": {
    "Fundament": {
      "description": "Podstawowe techniki poznania siebie i swoich celów",
      "priority": 10,
      "prerequisites": [],
      "typical_flow": ["FUNDAMENT_01_Glowna_wartosc", "FUNDAMENT_02_Test_energii", "FUNDAMENT_04_Dziennik_prokrastynacji"]
    },
    "Fuel": {
      "description": "Systemy motywacji i budowania momentum",
      "priority": 8,
      "prerequisites": ["Fundament"],
      "typical_flow": ["FUEL_01_5_zwyciestwo_dziennie"]
    },
    "Fokus": {
      "description": "Techniki koncentracji i zarządzania zadaniami",
      "priority": 7,
      "prerequisites": ["Fundament"],
      "typical_flow": ["FOKUS_01_System_3_rzeczy"]
    },
    "Typy": {
      "description": "Identyfikacja typu prokrastynatora i dopasowane systemy",
      "priority": 9,
      "prerequisites": ["Fundament"],
      "typical_flow": ["TYPY_01_Identyfikacja_typow"]
    },
    "Crisis": {
      "description": "Protokoły ratunkowe w sytuacjach kryzysowych",
      "priority": 10,
      "prerequisites": [],
      "typical_flow": ["CRISIS_01_Protokol_emocjonalny"]
    },
    "Chińska Mądrość": {
      "description": "Starożytne techniki i filozofia wschodnia",
      "priority": 6,
      "prerequisites": [],
      "typical_flow": ["FUNDAMENT_03_Chinska_madrosc_lustro", "MADROSC_01_Tysiac_mil_jeden_krok"]
    }
  },
  "learning_paths": [
    {
      "name": "Ścieżka Początkującego",
      "description": "Dla osób które dopiero zaczynają walkę z prokrastynacją",
      "chunks": [
        "FUNDAMENT_01_Glowna_wartosc",
        "FUNDAMENT_02_Test_energii", 
        "FOKUS_01_System_3_rzeczy",
        "FUEL_01_5_zwyciestwo_dziennie"
      ],
      "estimated_time": "2-3 tygodnie"
    },
    {
      "name": "Ścieżka Kryzysowa",
      "description": "Dla osób w trudnej sytuacji emocjonalnej",
      "chunks": [
        "CRISIS_01_Protokol_emocjonalny",
        "MADROSC_01_Tysiac_mil_jeden_krok",
        "FUNDAMENT_03_Chinska_madrosc_lustro"
      ],
      "estimated_time": "1 tydzień"
    },
    {
      "name": "Ścieżka Zaawansowanego",
      "description": "Dla osób które znają podstawy i chcą pogłębić wiedzę",
      "chunks": [
        "FUNDAMENT_04_Dziennik_prokrastynacji",
        "TYPY_01_Identyfikacja_typow",
        "TYPY_02_System_dla_buntownika"
      ],
      "estimated_time": "3-4 tygodnie"
    }
  ],
  "triggers": {
    "crisis_keywords": [
      "wszystko się wali",
      "nie mam siły", 
      "chcę się poddać",
      "paraliż",
      "blokada"
    ],
    "personality_indicators": {
      "buntownik": ["nie lubię gdy mi mówią", "po swojemu", "nienawidzę deadline"],
      "marzyciel": ["dużo planów", "łatwo się rozpraszam", "chaotyczny"],
      "perfekcjonista": ["boi się zacząć", "może nie wyjść", "idealnie"]
    },
    "stage_transitions": {
      "greeting_to_problem": ["problem", "nie mogę", "trudność"],
      "problem_to_solution": ["jak", "co robić", "pomóż mi"],
      "solution_to_action": ["spróbuję", "zrobię", "zacznę"]
    }
  }
}